id,sector_escalera,piso,depto
637,1,PB,A
615,1,PB,B
640,1,1,A
618,1,1,B
643,1,2,A
621,1,2,B
646,1,3,A
624,1,3,B
639,2,PB,A
638,2,PB,B
629,2,PB,C
642,2,1,A
641,2,1,B
631,2,1,C
645,2,2,A
644,2,2,B
633,2,2,C
648,2,3,A
647,2,3,B
635,2,3,C
650,3,PB,A
649,3,PB,B
652,3,1,A
651,3,1,B
654,3,2,A
653,3,2,B
656,3,3,A
655,3,3,B
630,4,PB,A
625,4,PB,B
632,4,1,A
626,4,1,B
634,4,2,A
627,4,2,B
636,4,3,A
628,4,3,B
600,5,PB,A
599,5,PB,B
613,5,PB,C
614,5,PB,D
604,5,1,A
603,5,1,B
616,5,1,C
617,5,1,D
608,5,2,A
607,5,2,B
619,5,2,C
620,5,2,D
612,5,3,A
611,5,3,B
622,5,3,C
623,5,3,D
584,6,PB,A
583,6,PB,B
597,6,PB,C
598,6,PB,D
588,6,1,A
587,6,1,B
601,6,1,C
602,6,1,D
592,6,2,A
591,6,2,B
605,6,2,C
606,6,2,D
596,6,3,A
595,6,3,B
609,6,3,C
610,6,3,D
278,7,PB,A
267,7,PB,B
266,7,PB,C
280,7,1,A
270,7,1,B
269,7,1,C
282,7,2,A
273,7,2,B
272,7,2,C
284,7,3,A
276,7,3,B
275,7,3,C
277,8,PB,A
285,8,PB,B
279,8,1,A
286,8,1,B
281,8,2,A
287,8,2,B
283,8,3,A
288,8,3,B
581,9,PB,A
582,9,PB,B
566,9,PB,C
565,9,PB,D
585,9,1,A
586,9,1,B
570,9,1,C
569,9,1,D
589,9,2,A
590,9,2,B
574,9,2,C
573,9,2,D
593,9,3,A
594,9,3,B
578,9,3,C
577,9,3,D
253,10,PB,A
265,10,PB,B
256,10,1,A
268,10,1,B
259,10,2,A
271,10,2,B
262,10,3,A
274,10,3,B
539,11,PB,A
530,11,PB,B
542,11,1,A
532,11,1,B
545,11,2,A
534,11,2,B
548,11,3,A
536,11,3,B
538,12,PB,A
537,12,PB,B
551,12,PB,C
552,12,PB,D
541,12,1,A
540,12,1,B
555,12,1,C
556,12,1,D
544,12,2,A
543,12,2,B
559,12,2,C
560,12,2,D
547,12,3,A
546,12,3,B
563,12,3,C
564,12,3,D
550,13,PB,A
549,13,PB,B
567,13,PB,C
568,13,PB,D
554,13,1,A
553,13,1,B
571,13,1,C
572,13,1,D
558,13,2,A
557,13,2,B
575,13,2,C
576,13,2,D
562,13,3,A
561,13,3,B
579,13,3,C
580,13,3,D
254,14,PB,A
255,14,PB,B
240,14,PB,C
239,14,PB,D
257,14,1,A
258,14,1,B
244,14,1,C
243,14,1,D
260,14,2,A
261,14,2,B
248,14,2,C
247,14,2,D
263,14,3,A
264,14,3,B
252,14,3,C
251,14,3,D
227,15,PB,A
237,15,PB,B
238,15,PB,C
230,15,1,A
241,15,1,B
242,15,1,C
233,15,2,A
245,15,2,B
246,15,2,C
236,15,3,A
249,15,3,B
250,15,3,C
225,16,PB,A
226,16,PB,B
228,16,1,A
229,16,1,B
231,16,2,A
232,16,2,B
234,16,3,A
235,16,3,B
529,17,PB,A
519,17,PB,B
531,17,1,A
522,17,1,B
533,17,2,A
525,17,2,B
535,17,3,A
528,17,3,B
504,18,PB,A
503,18,PB,B
517,18,PB,C
518,18,PB,D
508,18,1,A
507,18,1,B
520,18,1,C
521,18,1,D
512,18,2,A
511,18,2,B
523,18,2,C
524,18,2,D
516,18,3,A
515,18,3,B
526,18,3,C
527,18,3,D
488,19,PB,A
487,19,PB,B
501,19,PB,C
502,19,PB,D
492,19,1,A
491,19,1,B
505,19,1,C
506,19,1,D
496,19,2,A
495,19,2,B
509,19,2,C
510,19,2,D
500,19,3,A
499,19,3,B
513,19,3,C
514,19,3,D
191,20,PB,A
192,20,PB,B
179,20,PB,C
178,20,PB,D
195,20,1,A
196,20,1,B
182,20,1,C
181,20,1,D
199,20,2,A
200,20,2,B
185,20,2,C
184,20,2,D
203,20,3,A
204,20,3,B
188,20,3,C
187,20,3,D
190,21,PB,A
189,21,PB,B
207,21,PB,C
208,21,PB,D
194,21,1,A
193,21,1,B
211,21,1,C
212,21,1,D
198,21,2,A
197,21,2,B
215,21,2,C
216,21,2,D
202,21,3,A
201,21,3,B
219,21,3,C
220,21,3,D
206,22,PB,A
205,22,PB,B
221,22,PB,C
210,22,1,A
209,22,1,B
222,22,1,C
214,22,2,A
213,22,2,B
223,22,2,C
218,22,3,A
217,22,3,B
224,22,3,C
486,23,PB,A
471,23,PB,B
489,23,1,A
490,23,1,B
474,23,1,C
475,23,1,D
493,23,2,A
494,23,2,B
478,23,2,C
479,23,2,D
497,23,3,A
498,23,3,B
482,23,3,C
483,23,3,D
165,24,PB,A
177,24,PB,B
168,24,1,A
180,24,1,B
171,24,2,A
183,24,2,B
174,24,3,A
186,24,3,B
445,25,PB,A
436,25,PB,B
448,25,1,A
438,25,1,B
451,25,2,A
440,25,2,B
454,25,3,A
442,25,3,B
444,26,PB,A
443,26,PB,B
457,26,PB,C
458,26,PB,D
447,26,1,A
446,26,1,B
461,26,1,C
462,26,1,D
450,26,2,A
449,26,2,B
465,26,2,C
466,26,2,D
453,26,3,A
452,26,3,B
469,26,3,C
470,26,3,D
456,27,PB,A
455,27,PB,B
472,27,PB,C
473,27,PB,D
460,27,1,A
459,27,1,B
476,27,1,C
477,27,1,D
464,27,2,A
463,27,2,B
480,27,2,C
481,27,2,D
468,27,3,A
467,27,3,B
484,27,3,C
485,27,3,D
166,28,PB,A
167,28,PB,B
152,28,PB,C
151,28,PB,D
169,28,1,A
170,28,1,B
156,28,1,C
155,28,1,D
172,28,2,A
173,28,2,B
160,28,2,C
159,28,2,D
175,28,3,A
176,28,3,B
164,28,3,C
163,28,3,D
136,29,PB,A
135,29,PB,B
149,29,PB,C
150,29,PB,D
140,29,1,A
139,29,1,B
153,29,1,C
154,29,1,D
144,29,2,A
143,29,2,B
157,29,2,C
158,29,2,D
148,29,3,A
147,29,3,B
161,29,3,C
162,29,3,D
133,30,PB,A
134,30,PB,B
137,30,1,A
138,30,1,B
141,30,2,A
142,30,2,B
145,30,3,A
146,30,3,B
435,31,PB,A
425,31,PB,B
437,31,1,A
428,31,1,B
439,31,2,A
431,31,2,B
441,31,3,A
434,31,3,B
410,32,PB,A
409,32,PB,B
423,32,PB,C
424,32,PB,D
414,32,1,A
413,32,1,B
426,32,1,C
427,32,1,D
418,32,2,A
417,32,2,B
429,32,2,C
430,32,2,D
422,32,3,A
421,32,3,B
432,32,3,C
433,32,3,D
394,33,PB,A
393,33,PB,B
407,33,PB,C
408,33,PB,D
398,33,1,A
397,33,1,B
411,33,1,C
412,33,1,D
402,33,2,A
401,33,2,B
415,33,2,C
416,33,2,D
406,33,3,A
405,33,3,B
419,33,3,C
420,33,3,D
103,34,PB,A
104,34,PB,B
91,34,PB,C
90,34,PB,D
107,34,1,A
108,34,1,B
94,34,1,C
93,34,1,D
111,34,2,A
112,34,2,B
97,34,2,C
96,34,2,D
115,34,3,A
116,34,3,B
100,34,3,C
99,34,3,D
102,35,PB,A
101,35,PB,B
118,35,PB,C
119,35,PB,D
106,35,1,A
105,35,1,B
121,35,1,C
122,35,1,D
110,35,2,A
109,35,2,B
124,35,2,C
125,35,2,D
114,35,3,A
113,35,3,B
127,35,3,C
128,35,3,D
117,36,PB,A
129,36,PB,B
120,36,1,A
130,36,1,B
123,36,2,A
131,36,2,B
126,36,3,A
132,36,3,B
392,37,PB,A
377,37,PB,B
395,37,1,A
396,37,1,B
381,37,1,C
380,37,1,D
399,37,2,A
400,37,2,B
385,37,2,C
384,37,2,D
1547,37,2,D
403,37,3,A
404,37,3,B
389,37,3,C
388,37,3,D
77,38,PB,A
89,38,PB,B
80,38,1,A
92,38,1,B
83,38,2,A
95,38,2,B
86,38,3,A
98,38,3,B
351,39,PB,A
342,39,PB,B
354,39,1,A
344,39,1,B
357,39,2,A
346,39,2,B
360,39,3,A
348,39,3,B
350,40,PB,A
349,40,PB,B
363,40,PB,C
364,40,PB,D
353,40,1,A
352,40,1,B
367,40,1,C
368,40,1,D
356,40,2,A
355,40,2,B
371,40,2,C
372,40,2,D
359,40,3,A
358,40,3,B
375,40,3,C
376,40,3,D
362,41,PB,A
361,41,PB,B
378,41,PB,C
379,41,PB,D
366,41,1,A
365,41,1,B
382,41,1,C
383,41,1,D
370,41,2,A
369,41,2,B
386,41,2,C
387,41,2,D
374,41,3,A
373,41,3,B
390,41,3,C
391,41,3,D
78,42,PB,A
79,42,PB,B
64,42,PB,C
63,42,PB,D
81,42,1,A
82,42,1,B
68,42,1,C
67,42,1,D
84,42,2,A
85,42,2,B
72,42,2,C
71,42,2,D
87,42,3,A
88,42,3,B
76,42,3,C
75,42,3,D
54,43,PB,A
53,43,PB,B
61,43,PB,C
62,43,PB,D
56,43,1,A
55,43,1,B
65,43,1,C
66,43,1,D
58,43,2,A
57,43,2,B
69,43,2,C
70,43,2,D
60,43,3,A
59,43,3,B
73,43,3,C
74,43,3,D
341,44,PB,A
331,44,PB,B
343,44,1,A
334,44,1,B
345,44,2,A
337,44,2,B
347,44,3,A
340,44,3,B
316,45,PB,A
315,45,PB,B
329,45,PB,C
330,45,PB,D
320,45,1,A
319,45,1,B
332,45,1,C
333,45,1,D
324,45,2,A
323,45,2,B
335,45,2,C
336,45,2,D
328,45,3,A
327,45,3,B
338,45,3,C
339,45,3,D
313,46,PB,A
314,46,PB,B
300,46,PB,C
317,46,1,A
318,46,1,B
304,46,1,C
321,46,2,A
322,46,2,B
308,46,2,C
325,46,3,A
326,46,3,B
312,46,3,C
298,47,PB,A
297,47,PB,B
302,47,1,A
301,47,1,B
306,47,2,A
305,47,2,B
310,47,3,A
309,47,3,B
27,48,PB,A
28,48,PB,B
15,48,PB,C
31,48,1,A
32,48,1,B
18,48,1,C
35,48,2,A
36,48,2,B
21,48,2,C
39,48,3,A
40,48,3,B
24,48,3,C
26,49,PB,A
25,49,PB,B
41,49,PB,C
30,49,1,A
29,49,1,B
43,49,1,C
34,49,2,A
33,49,2,B
45,49,2,C
38,49,3,A
37,49,3,B
47,49,3,C
42,50,PB,A
49,50,PB,B
44,50,1,A
50,50,1,B
46,50,2,A
51,50,2,B
48,50,3,A
52,50,3,B
290,51,PB,A
289,51,PB,B
299,51,PB,C
292,51,1,A
291,51,1,B
303,51,1,C
294,51,2,A
293,51,2,B
307,51,2,C
296,51,3,A
295,51,3,B
311,51,3,C
3,52,PB,A
2,52,PB,B
14,52,PB,C
6,52,1,A
5,52,1,B
17,52,1,C
9,52,2,A
8,52,2,B
20,52,2,C
12,52,3,A
11,52,3,B
23,52,3,C
1,53,PB,A
13,53,PB,B
4,53,1,A
16,53,1,B
7,53,2,A
19,53,2,B
10,53,3,A
22,53,3,B
667,54,PB,A
668,54,PB,B
670,54,1,A
671,54,1,B
673,54,2,A
674,54,2,B
676,54,3,A
677,54,3,B
679,55,PB,A
669,55,PB,B
683,55,1,A
672,55,1,B
657,55,2,A
687,55,2,B
675,55,2,C
658,55,3,A
691,55,3,B
678,55,3,C
680,56,PB,A
681,56,PB,B
684,56,1,A
685,56,1,B
688,56,2,A
689,56,2,B
692,56,3,A
693,56,3,B
816,57,PB,A
682,57,PB,B
695,57,PB,C
817,57,1,A
686,57,1,B
697,57,1,C
818,57,2,A
690,57,2,B
699,57,2,C
819,57,3,A
694,57,3,B
701,57,3,C
820,58,PB,A
703,58,PB,B
696,58,PB,C
823,58,1,A
707,58,1,B
698,58,1,C
826,58,2,A
711,58,2,B
700,58,2,C
829,58,3,A
715,58,3,B
702,58,3,C
822,59,PB,A
821,59,PB,B
832,59,PB,C
825,59,1,A
824,59,1,B
835,59,1,C
828,59,2,A
827,59,2,B
838,59,2,C
831,59,3,A
830,59,3,B
841,59,3,C
844,60,PB,A
845,60,PB,B
834,60,PB,C
833,60,PB,D
846,60,1,A
847,60,1,B
837,60,1,C
836,60,1,D
848,60,2,A
849,60,2,B
840,60,2,C
839,60,2,D
850,60,3,A
851,60,3,B
843,60,3,C
842,60,3,D
704,61,PB,A
705,61,PB,B
708,61,1,A
709,61,1,B
712,61,2,A
713,61,2,B
716,61,3,A
717,61,3,B
706,62,PB,A
719,62,PB,B
710,62,1,A
723,62,1,B
659,62,2,A
714,62,2,B
727,62,2,C
660,62,3,A
718,62,3,B
731,62,3,C
720,63,PB,A
721,63,PB,B
724,63,1,A
725,63,1,B
728,63,2,A
729,63,2,B
732,63,3,A
733,63,3,B
735,64,PB,A
722,64,PB,B
739,64,1,A
726,64,1,B
661,64,2,A
743,64,2,B
730,64,2,C
662,64,3,A
747,64,3,B
734,64,3,C
736,65,PB,A
737,65,PB,B
740,65,1,A
741,65,1,B
744,65,2,A
745,65,2,B
748,65,3,A
749,65,3,B
908,66,PB,A
909,66,PB,B
900,66,PB,C
899,66,PB,D
911,66,1,A
912,66,1,B
902,66,1,C
901,66,1,D
914,66,2,A
915,66,2,B
904,66,2,C
903,66,2,D
917,66,3,A
918,66,3,B
906,66,3,C
905,66,3,D
907,67,PB,A
854,67,PB,B
855,67,PB,C
910,67,1,A
858,67,1,B
859,67,1,C
913,67,2,A
862,67,2,B
863,67,2,C
916,67,3,A
866,67,3,B
867,67,3,C
853,68,PB,A
852,68,PB,B
869,68,PB,C
857,68,1,A
856,68,1,B
871,68,1,C
861,68,2,A
860,68,2,B
873,68,2,C
865,68,3,A
864,68,3,B
875,68,3,C
927,69,PB,A
920,69,PB,B
919,69,PB,C
928,69,1,A
922,69,1,B
921,69,1,C
929,69,2,A
924,69,2,B
923,69,2,C
930,69,3,A
926,69,3,B
925,69,3,C
868,70,PB,A
870,70,1,A
742,70,1,B
756,70,1,C
872,70,2,A
746,70,2,B
758,70,2,C
874,70,3,A
750,70,3,B
760,70,3,C
876,71,PB,A
877,71,1,A
768,71,1,B
757,71,1,C
878,71,2,A
772,71,2,B
759,71,2,C
879,71,3,A
776,71,3,B
761,71,3,C
769,72,1,A
770,72,1,B
773,72,2,A
774,72,2,B
777,72,3,A
778,72,3,B
771,73,1,A
787,73,1,B
663,73,2,A
775,73,2,B
791,73,2,C
664,73,3,A
779,73,3,B
795,73,3,C
788,74,1,A
789,74,1,B
792,74,2,A
793,74,2,B
796,74,3,A
797,74,3,B
804,75,1,A
790,75,1,B
665,75,2,A
808,75,2,B
794,75,2,C
666,75,3,A
812,75,3,B
798,75,3,C
805,76,1,A
806,76,1,B
809,76,2,A
810,76,2,B
813,76,3,A
814,76,3,B
807,77,1,A
887,77,1,B
1103,77,2,A
811,77,2,B
891,77,2,C
1104,77,3,A
815,77,3,B
895,77,3,C
888,78,1,A
889,78,1,B
892,78,2,A
893,78,2,B
896,78,3,A
897,78,3,B
941,79,1,A
890,79,1,B
1121,79,2,A
945,79,2,B
894,79,2,C
1122,79,3,A
949,79,3,B
898,79,3,C
940,80,1,A
939,80,1,B
944,80,2,A
943,80,2,B
948,80,3,A
947,80,3,B
950,81,PB,A
951,81,1,A
938,81,1,B
957,81,1,C
952,81,2,A
942,81,2,B
959,81,2,C
953,81,3,A
946,81,3,B
961,81,3,C
969,82,PB,A
972,82,1,A
983,82,1,B
958,82,1,C
975,82,2,A
987,82,2,B
960,82,2,C
978,82,3,A
991,82,3,B
962,82,3,C
967,83,PB,A
968,83,PB,B
1006,83,PB,C
1005,83,PB,D
970,83,1,A
971,83,1,B
1010,83,1,C
1009,83,1,D
973,83,2,A
974,83,2,B
1013,83,2,C
1014,83,2,D
976,83,3,A
977,83,3,B
1018,83,3,C
1017,83,3,D
996,84,PB,A
995,84,PB,B
963,84,PB,C
998,84,1,A
997,84,1,B
964,84,1,C
1000,84,2,A
999,84,2,B
965,84,2,C
1002,84,3,A
1001,84,3,B
966,84,3,C
1020,85,PB,A
1019,85,PB,B
1003,85,PB,C
1004,85,PB,D
1022,85,1,A
1021,85,1,B
1007,85,1,C
1008,85,1,D
1024,85,2,A
1023,85,2,B
1011,85,2,C
1012,85,2,D
1026,85,3,A
1025,85,3,B
1015,85,3,C
1016,85,3,D
980,86,PB,A
981,86,PB,B
984,86,1,A
985,86,1,B
988,86,2,A
989,86,2,B
992,86,3,A
993,86,3,B
982,87,PB,A
1027,87,PB,B
986,87,1,A
1031,87,1,B
1271,87,2,A
990,87,2,B
1035,87,2,C
1272,87,3,A
994,87,3,B
1039,87,3,C
1028,88,PB,A
1029,88,PB,B
1032,88,1,A
1033,88,1,B
1036,88,2,A
1037,88,2,B
1040,88,3,A
1041,88,3,B
1030,89,PB,A
1034,89,1,A
1038,89,2,A
1329,89,2,B
1042,89,3,A
1330,89,3,B
1331,90,PB,A
1322,90,PB,B
1333,90,1,A
1324,90,1,B
1335,90,2,A
1326,90,2,B
1337,90,3,A
1328,90,3,B
1332,91,PB,A
1339,91,PB,B
1340,91,PB,C
1334,91,1,A
1341,91,1,B
1342,91,1,C
1336,91,2,A
1343,91,2,B
1344,91,2,C
1338,91,3,A
1345,91,3,B
1346,91,3,C
1387,92,PB,A
1392,92,PB,B
1388,92,1,A
1394,92,1,B
1389,92,2,A
1396,92,2,B
1390,92,3,A
1398,92,3,B
1321,93,PB,A
1273,93,PB,B
1323,93,1,A
1275,93,1,B
1325,93,2,A
1277,93,2,B
1327,93,3,A
1279,93,3,B
1281,94,PB,A
1282,94,PB,B
1274,94,PB,C
1283,94,1,A
1284,94,1,B
1276,94,1,C
1285,94,2,A
1286,94,2,B
1278,94,2,C
1287,94,3,A
1288,94,3,B
1280,94,3,C
1218,95,PB,A
1214,95,PB,B
1220,95,1,A
1215,95,1,B
1222,95,2,A
1216,95,2,B
1224,95,3,A
1217,95,3,B
1123,96,PB,A
1114,96,PB,B
1125,96,1,A
1116,96,1,B
1127,96,2,A
1118,96,2,B
1129,96,3,A
1120,96,3,B
1124,97,PB,A
1131,97,PB,B
1132,97,PB,C
1126,97,1,A
1133,97,1,B
1134,97,1,C
1128,97,2,A
1135,97,2,B
1136,97,2,C
1130,97,3,A
1137,97,3,B
1138,97,3,C
1156,98,PB,A
1161,98,PB,B
1157,98,1,A
1163,98,1,B
1158,98,2,A
1165,98,2,B
1159,98,3,A
1167,98,3,B
1113,99,PB,A
1105,99,PB,B
1115,99,1,A
1107,99,1,B
1117,99,2,A
1109,99,2,B
1119,99,3,A
1111,99,3,B
1049,100,PB,A
1050,100,PB,B
1106,100,PB,C
1053,100,1,A
1054,100,1,B
1108,100,1,C
1057,100,2,A
1058,100,2,B
1110,100,2,C
1061,100,3,A
1062,100,3,B
1112,100,3,C
1047,101,PB,A
1043,101,PB,B
1051,101,1,A
1044,101,1,B
1055,101,2,A
1045,101,2,B
1059,101,3,A
1046,101,3,B
1063,102,PB,A
1071,102,PB,B
1065,102,1,A
1073,102,1,B
1067,102,2,A
1075,102,2,B
1069,102,3,A
1077,102,3,B
1048,103,PB,A
1064,103,PB,B
1052,103,1,A
1066,103,1,B
1056,103,2,A
1068,103,2,B
1060,103,3,A
1070,103,3,B
1160,104,PB,A
1168,104,PB,B
1169,104,PB,C
1162,104,1,A
1171,104,1,B
1172,104,1,C
1164,104,2,A
1175,104,2,B
1176,104,2,C
1166,104,3,A
1179,104,3,B
1180,104,3,C
1170,105,PB,A
1174,105,1,A
1173,105,1,B
1184,105,1,C
1178,105,2,A
1177,105,2,B
1186,105,2,C
1182,105,3,A
1181,105,3,B
1188,105,3,C
1226,106,PB,A
1230,106,1,A
1229,106,1,B
1242,106,1,C
1234,106,2,A
1233,106,2,B
1244,106,2,C
1238,106,3,A
1237,106,3,B
1246,106,3,C
1227,107,PB,A
1228,107,PB,B
1219,107,PB,C
1231,107,1,A
1232,107,1,B
1221,107,1,C
1235,107,2,A
1236,107,2,B
1223,107,2,C
1239,107,3,A
1240,107,3,B
1225,107,3,C
1391,108,PB,A
1399,108,PB,B
1400,108,PB,C
1393,108,1,A
1403,108,1,B
1404,108,1,C
1395,108,2,A
1407,108,2,B
1408,108,2,C
1397,108,3,A
1411,108,3,B
1412,108,3,C
1402,109,PB,A
1401,109,PB,B
1415,109,PB,C
1406,109,1,A
1405,109,1,B
1417,109,1,C
1410,109,2,A
1409,109,2,B
1419,109,2,C
1414,109,3,A
1413,109,3,B
1421,109,3,C
1455,110,PB,A
1456,110,PB,B
1463,110,PB,C
1457,110,1,A
1458,110,1,B
1465,110,1,C
1459,110,2,A
1460,110,2,B
1467,110,2,C
1461,110,3,A
1462,110,3,B
1469,110,3,C
1072,111,PB,A
1079,111,PB,B
1074,111,1,A
1081,111,1,B
1076,111,2,A
1083,111,2,B
1078,111,3,A
1085,111,3,B
1080,112,PB,A
1087,112,PB,B
1088,112,PB,C
1082,112,1,A
1091,112,1,B
1092,112,1,C
1084,112,2,A
1095,112,2,B
1096,112,2,C
1086,112,3,A
1099,112,3,B
1100,112,3,C
1089,113,PB,A
1090,113,PB,B
1093,113,1,A
1094,113,1,B
1097,113,2,A
1098,113,2,B
1101,113,3,A
1102,113,3,B
1140,114,PB,A
1139,114,PB,B
1147,114,PB,C
1148,114,PB,D
1149,114,PB,E
1142,114,1,A
1141,114,1,B
1150,114,1,C
1151,114,1,D
1144,114,2,A
1143,114,2,B
1152,114,2,C
1153,114,2,D
1146,114,3,A
1145,114,3,B
1154,114,3,C
1155,114,3,D
1206,115,PB,A
1207,115,PB,B
1191,115,PB,C
1190,115,PB,D
1209,115,1,A
1208,115,1,B
1195,115,1,C
1194,115,1,D
1211,115,2,A
1210,115,2,B
1199,115,2,C
1198,115,2,D
1213,115,3,A
1212,115,3,B
1203,115,3,C
1202,115,3,D
1183,116,PB,A
1192,116,PB,B
1193,116,PB,C
1185,116,1,A
1196,116,1,B
1197,116,1,C
1187,116,2,A
1200,116,2,B
1201,116,2,C
1189,116,3,A
1204,116,3,B
1205,116,3,C
1241,117,PB,A
1248,117,PB,B
1243,117,1,A
1251,117,1,B
1252,117,1,C
1245,117,2,A
1255,117,2,B
1256,117,2,C
1247,117,3,A
1259,117,3,B
1260,117,3,C
1250,118,PB,A
1249,118,PB,B
1263,118,PB,C
1264,118,PB,D
1254,118,1,A
1253,118,1,B
1265,118,1,C
1266,118,1,D
1258,118,2,A
1257,118,2,B
1267,118,2,C
1268,118,2,D
1262,118,3,A
1261,118,3,B
1269,118,3,C
1270,118,3,D
1439,119,PB,A
1440,119,PB,B
1423,119,PB,C
1424,119,PB,D
1441,119,1,A
1442,119,1,B
1427,119,1,C
1428,119,1,D
1443,119,2,A
1444,119,2,B
1431,119,2,C
1432,119,2,D
1445,119,3,A
1446,119,3,B
1435,119,3,C
1436,119,3,D
1416,120,PB,A
1425,120,PB,B
1426,120,PB,C
1418,120,1,A
1429,120,1,B
1430,120,1,C
1420,120,2,A
1433,120,2,B
1434,120,2,C
1422,120,3,A
1437,120,3,B
1438,120,3,C
1464,121,PB,A
1471,121,PB,B
1472,121,PB,C
1466,121,1,A
1475,121,1,B
1476,121,1,C
1468,121,2,A
1479,121,2,B
1480,121,2,C
1470,121,3,A
1483,121,3,B
1484,121,3,C
1310,122,PB,A
1309,122,PB,B
1313,122,1,A
1312,122,1,B
1316,122,2,A
1315,122,2,B
1319,122,3,A
1318,122,3,B
1369,123,PB,A
1368,123,PB,B
1379,123,PB,C
1380,123,PB,D
1372,123,1,A
1371,123,1,B
1381,123,1,C
1382,123,1,D
1375,123,2,A
1374,123,2,B
1383,123,2,C
1384,123,2,D
1378,123,3,A
1377,123,3,B
1385,123,3,C
1386,123,3,D
1447,124,PB,A
1448,124,PB,B
1449,124,1,A
1450,124,1,B
1451,124,2,A
1452,124,2,B
1453,124,3,A
1454,124,3,B
1311,125,PB,A
1299,125,PB,B
1314,125,1,A
1302,125,1,B
1317,125,2,A
1305,125,2,B
1320,125,3,A
1308,125,3,B
1355,126,PB,A
1367,126,PB,B
1358,126,1,A
1370,126,1,B
1361,126,2,A
1373,126,2,B
1364,126,3,A
1376,126,3,B
1290,127,PB,A
1289,127,PB,B
1297,127,PB,C
1298,127,PB,D
1292,127,1,A
1291,127,1,B
1300,127,1,C
1301,127,1,D
1294,127,2,A
1293,127,2,B
1303,127,2,C
1304,127,2,D
1296,127,3,A
1295,127,3,B
1306,127,3,C
1307,127,3,D
1348,128,PB,A
1347,128,PB,B
1356,128,PB,C
1357,128,PB,D
1350,128,1,A
1349,128,1,B
1359,128,1,C
1360,128,1,D
1352,128,2,A
1351,128,2,B
1362,128,2,C
1363,128,2,D
1354,128,3,A
1353,128,3,B
1365,128,3,C
1366,128,3,D
1516,129,PB,A
1515,129,PB,B
1529,129,PB,C
1530,129,PB,D
1519,129,1,A
1518,129,1,B
1533,129,1,C
1534,129,1,D
1522,129,2,A
1521,129,2,B
1537,129,2,C
1538,129,2,D
1525,129,3,A
1524,129,3,B
1541,129,3,C
1542,129,3,D
1527,130,PB,A
1528,130,PB,B
1531,130,1,A
1532,130,1,B
1535,130,2,A
1536,130,2,B
1539,130,3,A
1540,130,3,B
1517,131,PB,A
1505,131,PB,B
1520,131,1,A
1508,131,1,B
1523,131,2,A
1511,131,2,B
1526,131,3,A
1514,131,3,B
1490,132,PB,A
1489,132,PB,B
1503,132,PB,C
1504,132,PB,D
1494,132,1,A
1493,132,1,B
1506,132,1,C
1507,132,1,D
1498,132,2,A
1497,132,2,B
1509,132,2,C
1510,132,2,D
1502,132,3,A
1501,132,3,B
1512,132,3,C
1513,132,3,D
1474,133,PB,A
1473,133,PB,B
1487,133,PB,C
1488,133,PB,D
1478,133,1,A
1477,133,1,B
1491,133,1,C
1492,133,1,D
1482,133,2,A
1481,133,2,B
1495,133,2,C
1496,133,2,D
1486,133,3,A
1485,133,3,B
1499,133,3,C
1500,133,3,D
738,LOCAL,1,
752,LOCAL,2,
751,LOCAL,3,
753,LOCAL,4,
754,LOCAL,5,
755,LOCAL,6,
765,LOCAL,7,
762,LOCAL,8,
763,LOCAL,9,
766,LOCAL,10,
767,LOCAL,11,
764,LOCAL,12,
780,LOCAL,13,
781,LOCAL,14,
782,LOCAL,15,
783,LOCAL,16,
785,LOCAL,17,
786,LOCAL,18,
784,LOCAL,19,
799,LOCAL,20,
800,LOCAL,21,
802,LOCAL,22,
803,LOCAL,23,
801,LOCAL,24,
882,LOCAL,25,
883,LOCAL,26,
884,LOCAL,27,
885,LOCAL,28,
880,LOCAL,29,
881,LOCAL,30,
886,LOCAL,31,
937,LOCAL,32,
936,LOCAL,33,
935,LOCAL,34,
934,LOCAL,35,
932,LOCAL,36,
931,LOCAL,37,
933,LOCAL,38,
955,LOCAL,39,
956,LOCAL,40,
954,LOCAL,41,
979,LOCAL,42,